title,price,rating,reviews,availability
PlayStation®5 console (slim),$499.00,4.6,"5,413",Not Available
PlayStation 5 Pro Console,$699.00,4.3,733,Not Available
PlayStation PS5 Console - Fortnite Cobalt Star Digital Edition,$459.99,4.5,255,Not Available
PlayStation®5 console (slim) with EA SPORTS College Football 25,$528.97,4.9,52,Not Available
PlayStation 5 Digital Edition (Renewed),$409.99,3.4,136,9 left in stock
Sony PlayStation 5 Console (Renewed),$424.95,3.8,548,Not Available
PlayStation 5 Console (Renewed),$439.97,3.8,79,Not Available
PlayStation PS5 Console – God of War Ragnarök Bundle,$569.99,4.8,"13,605",Not Available
Sony PlayStation 5 Disc Version (Renewed),$439.99,3.7,128,Not Available
PlayStation 5 Console - Marvel’s Spider-Man 2 Bundle (slim),$569.99,4.8,"4,687",Not Available
PlayStation®5 Digital Edition (slim),$471.38,4.1,81,Not Available
"PS5/PS5 Slim/PS5 Pro Stand and Cooling Station with Dual Controller Charging Station for PlayStation 5 Console, PS5 Accessories Incl. Controller Charger, Cooling Fan, Headset Holder, 3 USB Hub, White",$39.99,4.3,"8,719",Not Available
PlayStation 5 Console (PS5),$410.00,4.8,"8,589",1 left in stock
PlayStation®5 Digital Edition (slim) (Renewed),$409.99,4.5,29,1 left in stock
PlayStation PS5® Digital Edition – NBA 2K25 Bundle,$399.00,4.3,113,1 left in stock
PlayStation Portal Remote Player 5,$199.00,4.3,"2,803",Not Available
Playstation 5 Digital Edition PS5 Gaming (Disc Free) Console (Renewed),$499.99,1.0,1,1 left in stock
PlayStation®5 Console – Call of Duty® Modern Warfare® III Bundle,$549.99,4.7,"1,902",Not Available
"PDP Victrix Pro BFG Wireless Gaming Controller for Playstation 5 / PS5, PS4, PC, Modular Esports Gamepad, Remappable Buttons, Customizable Triggers/Paddles/D-Pad/Fightpad, PC App, White",$160.11,4.0,"2,548",Not Available
"PS5 Pro/Slim/PS5 Stand and Cooling Station with Controller Charging Station for Playsation 5 Disc Digital Console, PS5 Accessories Incl. 3 Levels Cooling Fan, 13 Game Slots, 3 USB HUB, Headset Holder",$28.99,4.4,210,Not Available
"PS5 Cooling Fan with LED Light,Quiet and Efficient Cooling System for PS5 Cooler,2 Fan Speeds,USB 3.0 Port Compatible with PlayStation 5 Digital & Discs Edition，Not for PS5 Slim and New PS5 Pro",$17.99,4.3,271,Not Available
"Game Console Backpack for PS5, Protective Carrying Case Compatible with Playstation5 Console, Base, 15.6”Laptop, Headset, PS5 Controller, More Game Discs, and Gaming Accessories",$49.99,4.6,125,Not Available
Sony PlayStation 4 500GB Console (Renewed),$165.99,4.0,"2,971",5 left in stock
Xbox One S 500GB Console (Renewed) [video game],$187.99,4.0,"2,755",Not Available
"Microsoft Xbox One X 1TB, 4K Ultra HD Gaming Console, Black (Renewed) (2017 Model)",$228.95,4.1,"2,688",1 left in stock
Sony PlayStation 4 Slim Limited Edition 1TB Gaming Console (Renewed),$182.99,4.1,"1,558",1 left in stock
"Playstation SONY 4, 500GB Slim System [CUH-2215AB01], Black, 3003347 (Renewed)",$183.99,4.2,516,1 left in stock
"Sony Playstation 3 160GB CECH-3001A, Console Only (Renewed)",$145.12,4.1,384,Not Available
PlayStation 4 Slim 1TB Console - Marvels Spider-Man Bundle (Renewed),$279.99,3.8,147,2 left in stock
Playseat Challenge X - Logitech G Edition Sim Racing Cockpit,$299.00,4.4,358,Not Available
"PS5 Slim Stand and Turbo Cooling Station with Controller Charging Station for Playsation 5, PS5 Accessories Kits Incl. 3 Levels Cooling Fan, RGB LED, 15 Game Slot, Headset Holder for PS5 Digital/Disc",$39.99,4.4,867,Not Available
"PS5/ PS5 Slim Stand for Disc & Digital Console, PS5 Cooling & Charging Station with 3-Level Fan, PS5 Controller Charger for PS5 & Edge Controller, PS5/Slim Accessories with 3 Charging Ports",$27.99,4.4,"1,065",Not Available
"PS5/PS5 Slim/PS5 Pro Stand and Cooling Station with Dual Controller Charging Station for PlayStation 5 Console, PS5 Accessories Incl. Controller Charger, Cooling Fan, Headset Holder, 3 USB Hub, White",$39.99,4.3,"8,719",Not Available
"Turtle Beach Stealth 700 Gen 3 Wireless Multiplatform Amplified Gaming Headset for PS5, PS4, PC, Mobile – 60mm Drivers, AI Noise-Cancelling Mic, Bluetooth, 80-Hr Battery, Dual Transmitters – White",$171.60,4.2,251,Not Available
"Turtle Beach Stealth 700 Gen 3 Wireless Multiplatform Amplified Gaming Headset for Xbox Series X|S, Xbox One, PC, PS5, Mobile – 60mm Drivers, AI Noise-Cancelling Mic, Bluetooth, 80-Hr Battery – Black",$199.99,4.4,722,Not Available
"ASUS ROG Delta II Wireless Gaming Headset (BT, ROG SpeedNova 2.4GHz, 3.5mm, 50mm Titanium-Plated Drivers, 10mm Super-Wideband Mic, 110HR Battery, DualFlow Audio, for PC, Switch, PS5, Xbox)- Black",$213.70,4.2,550,Not Available
"ASTRO Gaming A20 Wireless Headset Gen 2 for PlayStation 5 and 4, PC & Mac - White/Blue",$89.99,4.2,"6,317",Not Available
